habitableSurface,bedroomCount,postCode,hasGarden,gardenSurface,hasTerrace,hasParking,buildingCondition,epcScore,type_APARTMENT,type_HOUSE,subtype_APARTMENT,subtype_HOUSE,province_Brussels,province_Hainaut,province_Liège,province_Namur,province_Vlaams-Brabant,region_Brussels,region_Flanders,region_Wallonia
1.3718086289513207,1.7499999999999998,-3.15111237263751,-1.224744871391589,-0.5,0.0,0.816496580927726,0.0,0.15075567228888193,-2.0,2.0,-2.0,2.0,1.0,-1.224744871391589,0.0,-0.49999999999999994,-0.5,1.0,-0.5,-2.0
-0.5832630512643382,-0.7500000000000001,-0.6553966505072507,-1.224744871391589,-0.5,0.0,0.816496580927726,0.0,-1.356801050599936,0.4999999999999999,-0.5,0.4999999999999999,-0.5,0.0,-1.224744871391589,1.0,-0.49999999999999994,-0.5,0.0,-0.5,0.4999999999999999
