habitableSurface,bedroomCount,postCode,hasGarden,gardenSurface,hasTerrace,hasParking,buildingCondition,epcScore,type_APARTMENT,type_HOUSE,subtype_APARTMENT,subtype_HOUSE,province_Brussels,province_Hainaut,province_Liège,province_Namur,province_Vlaams-Brabant,region_Brussels,region_Flanders,region_Wallonia
-0.8276470112912956,-0.7500000000000001,-0.28646476114886454,0.816496580927726,-0.5,0.0,0.816496580927726,0.0,0.15075567228888193,0.4999999999999999,-0.5,0.4999999999999999,-0.5,0.0,-1.224744871391589,0.0,1.9999999999999998,-0.5,0.0,-0.5,0.4999999999999999
-0.7461856912823097,-0.7500000000000001,0.842032782770905,-1.224744871391589,-0.5,0.0,-1.224744871391589,0.0,1.6583123951777,0.4999999999999999,-0.5,0.4999999999999999,-0.5,0.0,0.816496580927726,0.0,-0.49999999999999994,-0.5,0.0,-0.5,0.4999999999999999
0.6549490128722458,0.4999999999999999,0.3356556797299827,-1.224744871391589,-0.5,0.0,0.816496580927726,0.0,0.15075567228888193,0.4999999999999999,-0.5,0.4999999999999999,-0.5,0.0,0.816496580927726,0.0,-0.49999999999999994,-0.5,0.0,-0.5,0.4999999999999999
1.6650693809836696,1.7499999999999998,-1.8055960702716312,0.816496580927726,2.0,0.0,0.816496580927726,0.0,-0.603022689155527,-2.0,2.0,-2.0,2.0,0.0,-1.224744871391589,0.0,-0.49999999999999994,2.0,0.0,2.0,-2.0
-0.7461856912823097,-0.7500000000000001,0.9143723689196082,0.816496580927726,-0.5,0.0,-1.224744871391589,0.0,-1.356801050599936,0.4999999999999999,-0.5,0.4999999999999999,-0.5,0.0,0.816496580927726,0.0,-0.49999999999999994,-0.5,0.0,-0.5,0.4999999999999999
