model_name,test_r2,test_mae
Random Forest,0.31799757343339285,80291.57135416666
