model_name,test_r2,test_mae
Ridge Regression,0.45018073072795484,179410.27157459361
